<?xml version="1.0" encoding="UTF-8"?>
<beans xmlns="http://www.springframework.org/schema/beans"
xmlns:xsi="http://www.w3.org/2001/XMLSchema-instance"
xsi:schemaLocation="http://www.springframework.org/schema/beans
http://www.springframework.org/schema/beans/spring-beans.xsd">

<bean id="s1" class="j.spring.boot1.student">
<property name="sname" value="6th"/>
<property name="usn" value="103"/>
</bean>




<bean id="s2" class="j.spring.boot1.student">
<constructor-arg type="java.lang.String" value="7th"/>
<constructor-arg type="int" value="104"/>
</bean>


<bean id="s3" class="j.spring.boot1.student">
<constructor-arg index="0" value="8th"/>
<constructor-arg index="1" value="105"/>
</bean>

<bean id="col" class="j.spring.boot1.college">
<property name="std1" ref="s1"/>
<property name="std2" ref="s2"/>
<property name="std3" ref="s3"/>
</bean>


</beans>